ID,balanceId,year,totalDays,usedDays,pendingDays,availableDays,employee_ID,leaveType_ID,createdAt,createdBy,modifiedAt,modifiedBy
1,BAL001,2026,20.0,4.0,2.0,14.0,1,1,2026-01-01T09:00:00Z,system,2026-09-01T09:00:00Z,system
2,BAL002,2026,12.0,2.0,1.0,9.0,1,2,2026-01-01T09:05:00Z,system,2026-09-01T09:05:00Z,system
3,BAL003,2026,10.0,1.0,0.0,9.0,1,3,2026-01-01T09:10:00Z,system,2026-09-01T09:10:00Z,system
4,BAL004,2026,20.0,6.0,2.0,12.0,2,1,2026-01-01T09:15:00Z,system,2026-09-01T09:15:00Z,system
5,BAL005,2026,12.0,3.0,1.0,8.0,2,2,2026-01-01T09:20:00Z,system,2026-09-01T09:20:00Z,system
6,BAL006,2026,10.0,2.0,0.0,8.0,2,3,2026-01-01T09:25:00Z,system,2026-09-01T09:25:00Z,system
7,BAL007,2026,20.0,5.0,3.0,12.0,3,1,2026-01-01T09:30:00Z,system,2026-09-01T09:30:00Z,system
8,BAL008,2026,12.0,4.0,0.0,8.0,3,2,2026-01-01T09:35:00Z,system,2026-09-01T09:35:00Z,system
9,BAL009,2026,10.0,0.0,2.0,10.0,3,3,2026-01-01T09:40:00Z,system,2026-09-01T09:40:00Z,system
10,BAL010,2026,20.0,3.0,1.0,16.0,4,1,2026-01-01T09:45:00Z,system,2026-09-01T09:45:00Z,system
11,BAL011,2026,12.0,2.0,2.0,8.0,4,2,2026-01-01T09:50:00Z,system,2026-09-01T09:50:00Z,system
12,BAL012,2026,10.0,1.0,0.0,9.0,4,3,2026-01-01T09:55:00Z,system,2026-09-01T09:55:00Z,system
13,BAL013,2026,20.0,7.0,1.0,12.0,5,1,2026-01-01T10:00:00Z,system,2026-09-01T10:00:00Z,system
14,BAL014,2026,12.0,1.0,3.0,8.0,5,2,2026-01-01T10:05:00Z,system,2026-09-01T10:05:00Z,system
15,BAL015,2026,10.0,2.0,0.0,8.0,5,3,2026-01-01T10:10:00Z,system,2026-09-01T10:10:00Z,system
16,BAL016,2026,20.0,2.0,2.0,16.0,6,1,2026-01-01T10:15:00Z,system,2026-09-01T10:15:00Z,system
17,BAL017,2026,12.0,3.0,1.0,8.0,6,2,2026-01-01T10:20:00Z,system,2026-09-01T10:20:00Z,system
18,BAL018,2026,10.0,0.0,1.0,10.0,6,3,2026-01-01T10:25:00Z,system,2026-09-01T10:25:00Z,system
19,BAL019,2026,20.0,4.0,2.0,14.0,7,1,2026-01-01T10:30:00Z,system,2026-09-01T10:30:00Z,system
20,BAL020,2026,12.0,2.0,1.0,9.0,7,2,2026-01-01T10:35:00Z,system,2026-09-01T10:35:00Z,system
21,BAL021,2026,10.0,3.0,0.0,7.0,7,3,2026-01-01T10:40:00Z,system,2026-09-01T10:40:00Z,system
22,BAL022,2026,20.0,8.0,1.0,11.0,8,1,2026-01-01T10:45:00Z,system,2026-09-01T10:45:00Z,system
23,BAL023,2026,12.0,2.0,2.0,8.0,8,2,2026-01-01T10:50:00Z,system,2026-09-01T10:50:00Z,system
24,BAL024,2026,10.0,1.0,0.0,9.0,8,3,2026-01-01T10:55:00Z,system,2026-09-01T10:55:00Z,system
25,BAL025,2026,20.0,5.0,2.0,13.0,9,1,2026-01-01T11:00:00Z,system,2026-09-01T11:00:00Z,system
26,BAL026,2026,12.0,3.0,1.0,8.0,9,2,2026-01-01T11:05:00Z,system,2026-09-01T11:05:00Z,system
27,BAL027,2026,10.0,2.0,1.0,8.0,9,3,2026-01-01T11:10:00Z,system,2026-09-01T11:10:00Z,system
28,BAL028,2026,20.0,3.0,2.0,15.0,10,1,2026-01-01T11:15:00Z,system,2026-09-01T11:15:00Z,system
29,BAL029,2026,12.0,1.0,1.0,10.0,10,2,2026-01-01T11:20:00Z,system,2026-09-01T11:20:00Z,system
30,BAL030,2026,10.0,0.0,1.0,10.0,10,3,2026-01-01T11:25:00Z,system,2026-09-01T11:25:00Z,system