ID,holidayId,name,holidayDate,location,holidayType,description,status,createdAt,createdBy,modifiedAt,modifiedBy
1,HOL001,Republic Day,2026-01-26,India,NATIONAL,Republic Day of India,ACTIVE,2025-12-01T09:00:00Z,system,2025-12-01T09:00:00Z,system
2,HOL002,Holi,2026-03-04,India,FESTIVAL,Holi festival holiday,ACTIVE,2025-12-01T09:05:00Z,system,2025-12-01T09:05:00Z,system
3,HOL003,Good Friday,2026-04-03,India,RELIGIOUS,Good Friday holiday,ACTIVE,2025-12-01T09:10:00Z,system,2025-12-01T09:10:00Z,system
4,HOL004,Independence Day,2026-08-15,India,NATIONAL,Independence Day of India,ACTIVE,2025-12-01T09:15:00Z,system,2025-12-01T09:15:00Z,system
5,HOL005,Ganesh Chaturthi,2026-08-27,India,FESTIVAL,Ganesh Chaturthi festival holiday,ACTIVE,2025-12-01T09:20:00Z,system,2025-12-01T09:20:00Z,system
6,HOL006,Gandhi Jayanti,2026-10-02,India,NATIONAL,Gandhi Jayanti holiday,ACTIVE,2025-12-01T09:25:00Z,system,2025-12-01T09:25:00Z,system
7,HOL007,Diwali,2026-11-08,India,FESTIVAL,Diwali festival holiday,ACTIVE,2025-12-01T09:30:00Z,system,2025-12-01T09:30:00Z,system
8,HOL008,Christmas Day,2026-12-25,India,RELIGIOUS,Christmas Day holiday,ACTIVE,2025-12-01T09:35:00Z,system,2025-12-01T09:35:00Z,system
9,HOL009,Tamil New Year,2026-04-14,Tamil Nadu,REGIONAL,Tamil New Year regional holiday,ACTIVE,2025-12-01T09:40:00Z,system,2025-12-01T09:40:00Z,system
10,HOL010,Onam,2026-08-28,Kerala,REGIONAL,Onam regional holiday,ACTIVE,2025-12-01T09:45:00Z,system,2025-12-01T09:45:00Z,system
11,HOL011,Company Foundation Day,2026-06-15,India,COMPANY,Annual company foundation day,ACTIVE,2025-12-01T09:50:00Z,system,2025-12-01T09:50:00Z,system
12,HOL012,Annual Company Day,2026-12-31,India,COMPANY,Year-end company holiday,ACTIVE,2025-12-01T09:55:00Z,system,2025-12-01T09:55:00Z,system