ID,attendanceId,attendanceDate,checkIn,checkOut,workingHours,status,remarks,employee_ID,createdAt,createdBy,modifiedAt,modifiedBy
1,ATT001,2026-09-01,2026-09-01T09:02:00Z,2026-09-01T18:05:00Z,9.05,PRESENT,,1,2026-09-01T18:10:00Z,system,2026-09-01T18:10:00Z,system
2,ATT002,2026-09-01,2026-09-01T09:15:00Z,2026-09-01T17:45:00Z,8.50,PRESENT,Late login,2,2026-09-01T17:50:00Z,system,2026-09-01T17:50:00Z,system
3,ATT003,2026-09-01,2026-09-01T08:55:00Z,2026-09-01T18:00:00Z,9.08,PRESENT,,3,2026-09-01T18:05:00Z,system,2026-09-01T18:05:00Z,system
4,ATT004,2026-09-01,,,0.00,ABSENT,Sick leave,4,2026-09-01T18:00:00Z,system,2026-09-01T18:00:00Z,system
5,ATT005,2026-09-01,2026-09-01T09:00:00Z,2026-09-01T18:15:00Z,9.25,PRESENT,,5,2026-09-01T18:20:00Z,system,2026-09-01T18:20:00Z,system
6,ATT006,2026-09-01,2026-09-01T09:10:00Z,2026-09-01T17:30:00Z,8.33,PRESENT,Early checkout,6,2026-09-01T17:35:00Z,system,2026-09-01T17:35:00Z,system
7,ATT007,2026-09-01,2026-09-01T08:50:00Z,2026-09-01T18:10:00Z,9.33,PRESENT,,7,2026-09-01T18:15:00Z,system,2026-09-01T18:15:00Z,system
8,ATT008,2026-09-01,2026-09-01T09:05:00Z,2026-09-01T18:00:00Z,8.92,PRESENT,,8,2026-09-01T18:05:00Z,system,2026-09-01T18:05:00Z,system
9,ATT009,2026-09-01,,,0.00,ON_LEAVE,Approved annual leave,9,2026-09-01T18:00:00Z,system,2026-09-01T18:00:00Z,system
10,ATT010,2026-09-01,2026-09-01T09:20:00Z,,0.00,IN_PROGRESS,Currently working,10,2026-09-01T12:00:00Z,system,2026-09-01T12:00:00Z,system
11,ATT011,2026-09-02,2026-09-02T08:58:00Z,2026-09-02T18:02:00Z,9.07,PRESENT,,1,2026-09-02T18:05:00Z,system,2026-09-02T18:05:00Z,system
12,ATT012,2026-09-02,2026-09-02T09:05:00Z,2026-09-02T18:00:00Z,8.92,PRESENT,,2,2026-09-02T18:05:00Z,system,2026-09-02T18:05:00Z,system
13,ATT013,2026-09-02,2026-09-02T09:12:00Z,2026-09-02T17:50:00Z,8.63,PRESENT,Late login,3,2026-09-02T17:55:00Z,system,2026-09-02T17:55:00Z,system
14,ATT014,2026-09-02,2026-09-02T09:00:00Z,2026-09-02T18:10:00Z,9.17,PRESENT,,4,2026-09-02T18:15:00Z,system,2026-09-02T18:15:00Z,system
15,ATT015,2026-09-02,,,0.00,ABSENT,Unplanned absence,5,2026-09-02T18:00:00Z,system,2026-09-02T18:00:00Z,system
16,ATT016,2026-09-02,2026-09-02T08:45:00Z,2026-09-02T17:45:00Z,9.00,PRESENT,,6,2026-09-02T17:50:00Z,system,2026-09-02T17:50:00Z,system
17,ATT017,2026-09-02,2026-09-02T09:00:00Z,2026-09-02T18:00:00Z,9.00,PRESENT,,7,2026-09-02T18:05:00Z,system,2026-09-02T18:05:00Z,system
18,ATT018,2026-09-02,2026-09-02T09:30:00Z,2026-09-02T18:15:00Z,8.75,PRESENT,Late login,8,2026-09-02T18:20:00Z,system,2026-09-02T18:20:00Z,system
19,ATT019,2026-09-02,2026-09-02T09:00:00Z,2026-09-02T18:00:00Z,9.00,PRESENT,,9,2026-09-02T18:05:00Z,system,2026-09-02T18:05:00Z,system
20,ATT020,2026-09-02,2026-09-02T09:08:00Z,2026-09-02T18:05:00Z,8.95,PRESENT,,10,2026-09-02T18:10:00Z,system,2026-09-02T18:10:00Z,system
21,ATT021,2026-09-03,2026-09-03T09:00:00Z,2026-09-03T18:00:00Z,9.00,PRESENT,,1,2026-09-03T18:05:00Z,system,2026-09-03T18:05:00Z,system
22,ATT022,2026-09-03,2026-09-03T09:10:00Z,2026-09-03T17:55:00Z,8.75,PRESENT,,2,2026-09-03T18:00:00Z,system,2026-09-03T18:00:00Z,system
23,ATT023,2026-09-03,,,0.00,ON_LEAVE,Personal leave,3,2026-09-03T18:00:00Z,system,2026-09-03T18:00:00Z,system
24,ATT024,2026-09-03,2026-09-03T08:50:00Z,2026-09-03T18:05:00Z,9.25,PRESENT,,4,2026-09-03T18:10:00Z,system,2026-09-03T18:10:00Z,system
25,ATT025,2026-09-03,2026-09-03T09:20:00Z,2026-09-03T17:40:00Z,8.33,PRESENT,Late login,5,2026-09-03T17:45:00Z,system,2026-09-03T17:45:00Z,system
26,ATT026,2026-09-03,2026-09-03T09:00:00Z,2026-09-03T18:00:00Z,9.00,PRESENT,,6,2026-09-03T18:05:00Z,system,2026-09-03T18:05:00Z,system
27,ATT027,2026-09-03,2026-09-03T08:55:00Z,2026-09-03T18:20:00Z,9.42,PRESENT,,7,2026-09-03T18:25:00Z,system,2026-09-03T18:25:00Z,system
28,ATT028,2026-09-03,,,0.00,ABSENT,Unplanned absence,8,2026-09-03T18:00:00Z,system,2026-09-03T18:00:00Z,system
29,ATT029,2026-09-03,2026-09-03T09:05:00Z,2026-09-03T18:00:00Z,8.92,PRESENT,,9,2026-09-03T18:05:00Z,system,2026-09-03T18:05:00Z,system
30,ATT030,2026-09-03,2026-09-03T09:15:00Z,,0.00,IN_PROGRESS,Currently working,10,2026-09-03T13:00:00Z,system,2026-09-03T13:00:00Z,system