ID,correctionId,attendanceDate,requestedCheckIn,requestedCheckOut,reason,status,managerComments,submittedAt,approvedAt,rejectedAt,employee_ID,attendance_ID,createdAt,createdBy,modifiedAt,modifiedBy
1,AC001,2026-09-01,2026-09-01T09:00:00Z,2026-09-01T18:00:00Z,Attendance system did not capture check-in time,APPROVED,Verified with employee and approved,2026-09-01T18:30:00Z,2026-09-02T09:15:00Z,,1,1,2026-09-01T18:30:00Z,system,2026-09-02T09:15:00Z,manager
2,AC002,2026-09-01,2026-09-01T09:00:00Z,2026-09-01T18:00:00Z,Incorrect check-out time recorded,PENDING,,2026-09-01T18:45:00Z,,,2,2,2026-09-01T18:45:00Z,system,2026-09-01T18:45:00Z,system
3,AC003,2026-09-01,2026-09-01T08:55:00Z,2026-09-01T18:00:00Z,Check-in was missed due to biometric device issue,APPROVED,Confirmed biometric device issue,2026-09-01T19:00:00Z,2026-09-02T10:00:00Z,,3,3,2026-09-01T19:00:00Z,system,2026-09-02T10:00:00Z,manager
4,AC004,2026-09-01,2026-09-01T09:00:00Z,2026-09-01T18:00:00Z,Attendance marked absent incorrectly,REJECTED,Attendance record shows approved leave for the date,,2026-09-02T11:00:00Z,2026-09-02T11:00:00Z,4,4,2026-09-01T19:15:00Z,system,2026-09-02T11:00:00Z,manager
5,AC005,2026-09-01,2026-09-01T09:00:00Z,2026-09-01T18:15:00Z,Check-out time was not recorded,APPROVED,Confirmed employee worked until 18:15,2026-09-01T19:30:00Z,2026-09-02T09:30:00Z,,5,5,2026-09-01T19:30:00Z,system,2026-09-02T09:30:00Z,manager
6,AC006,2026-09-02,2026-09-02T08:45:00Z,2026-09-02T17:45:00Z,Incorrect check-in time due to system delay,PENDING,,2026-09-02T18:10:00Z,,,6,16,2026-09-02T18:10:00Z,system,2026-09-02T18:10:00Z,system
7,AC007,2026-09-02,2026-09-02T09:00:00Z,2026-09-02T18:00:00Z,Missed check-in due to network issue,APPROVED,Verified with team lead,2026-09-02T18:30:00Z,2026-09-03T09:00:00Z,,7,17,2026-09-02T18:30:00Z,system,2026-09-03T09:00:00Z,manager
8,AC008,2026-09-02,2026-09-02T09:15:00Z,2026-09-02T18:00:00Z,Check-in time needs correction,REJECTED,Requested time does not match attendance evidence,,2026-09-03T10:30:00Z,2026-09-03T10:30:00Z,8,18,2026-09-02T19:00:00Z,system,2026-09-03T10:30:00Z,manager
9,AC009,2026-09-03,2026-09-03T09:00:00Z,2026-09-03T18:00:00Z,Employee forgot to check in using attendance system,PENDING,,2026-09-03T18:30:00Z,,,9,29,2026-09-03T18:30:00Z,system,2026-09-03T18:30:00Z,system
10,AC010,2026-09-03,2026-09-03T09:00:00Z,2026-09-03T18:00:00Z,Check-out time missing from attendance record,APPROVED,Manager confirmed working hours,2026-09-03T19:00:00Z,2026-09-04T09:15:00Z,,10,30,2026-09-03T19:00:00Z,system,2026-09-04T09:15:00Z,manager
11,AC011,2026-09-04,2026-09-04T09:00:00Z,2026-09-04T18:00:00Z,Incorrect attendance status,APPROVED,Attendance verified with employee,2026-09-04T18:30:00Z,2026-09-05T09:00:00Z,,1,31,2026-09-04T18:30:00Z,system,2026-09-05T09:00:00Z,manager
12,AC012,2026-09-04,2026-09-04T09:10:00Z,2026-09-04T18:00:00Z,Check-in timestamp was incorrect,PENDING,,2026-09-04T18:45:00Z,,,2,32,2026-09-04T18:45:00Z,system,2026-09-04T18:45:00Z,system
15,AC015,2026-09-05,2026-09-05T09:00:00Z,2026-09-05T18:00:00Z,Attendance was not captured after system restart,APPROVED,System issue confirmed,2026-09-05T18:30:00Z,2026-09-06T09:30:00Z,,5,45,2026-09-05T18:30:00Z,system,2026-09-06T09:30:00Z,manager