ID,requestId,fromDate,toDate,requestedDays,reason,status,submittedAt,approvedAt,rejectedAt,managerComments,employee_ID,leaveType_ID,createdAt,createdBy,modifiedAt,modifiedBy
1,LR001,2026-09-07,2026-09-08,2.0,Family function,APPROVED,2026-09-01T10:00:00Z,2026-09-02T09:30:00Z,,Approved based on available leave balance,1,1,2026-09-01T10:00:00Z,system,2026-09-02T09:30:00Z,manager
2,LR002,2026-09-10,2026-09-10,1.0,Medical appointment,APPROVED,2026-09-03T11:00:00Z,2026-09-04T09:15:00Z,,Approved,2,2,2026-09-03T11:00:00Z,system,2026-09-04T09:15:00Z,manager
3,LR003,2026-09-14,2026-09-16,3.0,Personal travel,PENDING,2026-09-05T10:30:00Z,,,Awaiting manager approval,3,1,2026-09-05T10:30:00Z,system,2026-09-05T10:30:00Z,system
4,LR004,2026-09-18,2026-09-18,1.0,Personal work,REJECTED,2026-09-06T09:00:00Z,,2026-09-07T10:00:00Z,Leave cannot be approved due to critical project activities,4,3,2026-09-06T09:00:00Z,system,2026-09-07T10:00:00Z,manager
5,LR005,2026-09-21,2026-09-23,3.0,Family vacation,APPROVED,2026-09-07T12:00:00Z,2026-09-08T09:45:00Z,,Approved,5,1,2026-09-07T12:00:00Z,system,2026-09-08T09:45:00Z,manager
6,LR006,2026-09-11,2026-09-11,1.0,Fever and rest,APPROVED,2026-09-08T08:30:00Z,2026-09-08T10:00:00Z,,Approved based on medical requirement,6,2,2026-09-08T08:30:00Z,system,2026-09-08T10:00:00Z,manager
7,LR007,2026-09-24,2026-09-25,2.0,Personal travel,PENDING,2026-09-09T14:00:00Z,,,Awaiting manager approval,7,1,2026-09-09T14:00:00Z,system,2026-09-09T14:00:00Z,system
8,LR008,2026-09-28,2026-09-29,2.0,Family event,APPROVED,2026-09-10T10:15:00Z,2026-09-11T09:00:00Z,,Approved,8,3,2026-09-10T10:15:00Z,system,2026-09-11T09:00:00Z,manager
9,LR009,2026-09-30,2026-09-30,1.0,Medical consultation,PENDING,2026-09-11T11:30:00Z,,,Awaiting supporting information,9,2,2026-09-11T11:30:00Z,system,2026-09-11T11:30:00Z,system
10,LR010,2026-10-05,2026-10-07,3.0,Planned vacation,DRAFT,,,,,10,1,2026-09-12T09:00:00Z,system,2026-09-12T09:00:00Z,system
11,LR011,2026-09-15,2026-09-15,1.0,Personal appointment,APPROVED,2026-09-12T10:00:00Z,2026-09-13T09:15:00Z,,Approved,1,3,2026-09-12T10:00:00Z,system,2026-09-13T09:15:00Z,manager
12,LR012,2026-09-17,2026-09-18,2.0,Health recovery,PENDING,2026-09-13T11:00:00Z,,,Awaiting manager review,2,2,2026-09-13T11:00:00Z,system,2026-09-13T11:00:00Z,system
13,LR013,2026-09-21,2026-09-22,2.0,Family commitment,APPROVED,2026-09-14T09:30:00Z,2026-09-15T09:00:00Z,,Approved,3,3,2026-09-14T09:30:00Z,system,2026-09-15T09:00:00Z,manager
14,LR014,2026-09-25,2026-09-25,1.0,Personal work,REJECTED,2026-09-15T10:00:00Z,,2026-09-16T10:30:00Z,Insufficient team coverage on requested date,4,3,2026-09-15T10:00:00Z,system,2026-09-16T10:30:00Z,manager
15,LR015,2026-10-12,2026-10-14,3.0,Family vacation,DRAFT,,,,,5,1,2026-09-16T12:00:00Z,system,2026-09-16T12:00:00Z,system
20,LR020,2026-11-02,2026-11-03,2.0,Personal travel,APPROVED,2026-09-20T10:00:00Z,2026-09-21T09:30:00Z,,Approved,10,1,2026-09-20T10:00:00Z,system,2026-09-21T09:30:00Z,manager